Country,VAT
Bhutan ,50
Hungary ,27
Croatia ,25
Denmark ,25
Norway ,25
Sweden ,25
Finland ,24
Greece ,24
Iceland ,24
Ireland ,23
Poland ,23
Portugal ,23
Italy ,22
Slovenia ,22
Uruguay ,22
Argentina ,21
Belgium ,21
Czech Republic ,21
Latvia ,21
Lithuania ,21
Montenegro ,21
Netherlands ,21
Spain ,21
Albania ,20
Armenia ,20
Austria ,20
Belarus ,20
Bulgaria ,20
Cuba ,20
Estonia ,20
France ,20
Madagascar ,20
Moldova ,20
Monaco ,20
Morocco ,20
Russia ,20
Serbia ,20
Slovakia ,20
Ukraine ,20
United Kingdom ,20
Uzbekistan ,20
Cameroon ,19.25
Algeria ,19
Central African Republic ,19
Chile ,19
Colombia ,19
Cyprus ,19
Germany ,19
Niger ,19
Romania ,19
Tunisia ,19
Azerbaijan ,18
Benin ,18
Burkina Faso ,18
Burundi ,18
Chad ,18
Dominican Republic ,18
Gabon ,18
Georgia ,18
Guinea ,18
India ,18
Ivory Coast ,18
Macedonia ,18
Mali ,18
Malta ,18
Peru ,18
Republic of the Congo ,18
Rwanda ,18
Senegal ,18
Tajikistan ,18
Tanzania ,18
Togo ,18
Turkey ,18
Uganda ,18
Barbados ,17.5
Bosnia and Herzegovina ,17
Brazil ,17
Israel ,17
Luxembourg ,17
Mozambique ,17
Pakistan ,17
Sudan ,17
Jamaica ,16.5
Malawi ,16.5
Congo ,16
Jordan ,16
Kenya ,16
Kosovo ,16
Mauritania ,16
Mexico ,16
Zambia ,16
Bangladesh ,15
Cape Verde ,15
Dominica ,15
Equatorial Guinea ,15
Ethiopia ,15
Gambia ,15
Grenada ,15
Honduras ,15
Mauritius ,15
Namibia ,15
Nepal ,15
New Zealand ,15
Nicaragua ,15
North Korea ,15
Seychelles ,15
Sierra Leone ,15
South Africa ,15
Sri Lanka ,15
St Lucia ,15
Swaziland ,15
Tonga ,15
Turkmenistan ,15
Vanuatu ,15
Zimbabwe ,15
Egypt ,14
Guyana ,14
Bolivia ,13
China ,13
Costa Rica ,13
El Salvador ,13
Belize ,12.5
Bahamas ,12
Botswana ,12
Ecuador ,12
Ghana ,12
Guatemala ,12
Kazakhstan ,12
Kyrgyzstan ,12
Philippines ,12
Venezuela ,12
Lebanon ,11
Afghanistan ,10
Angola ,10
Australia ,10
Cambodia ,10
Comoros ,10
Djibouti ,10
Haiti ,10
Indonesia ,10
Laos ,10
Malaysia ,10
Mongolia ,10
Papua New Guinea ,10
Paraguay ,10
Solomon Islands ,10
Somalia ,10
South Korea ,10
Suriname ,10
Vietnam ,10
Fiji ,9
Iran ,8
Japan ,8
Liechtenstein ,7.7
Switzerland ,7.7
Panama ,7
Singapore ,7
Thailand ,7
Bahrain ,5
Canada ,5
Eritrea ,5
Micronesia ,5
Myanmar ,5
Nigeria ,5
Saudi Arabia ,5
Taiwan ,5
United Arab Emirates ,5
Yemen ,5
Andorra ,4.5
Guam ,2
Aruba ,1.5
Oman ,0
United States ,0
