Country,Freedom Status,Political Rights,Civil Rights,Freedom Index,CPI Score 2018,HDI,Homicide rate(2015/2016),Indirect Tax rates,Score 2019,Pension Index,Adequacy,Sustainability,Integrity,Healthcare Ind,Healthcare Exp.,Attainment of goals / Health / Level (DALE),Attainment of goals / Health / Distribution,Attainment of goals / Health / Overall goal attainment,Health expenditure per capita in international dollars,Performance / On level of health,Performance / Overall health system performance,AVG internet speed Max,avg internet speed min,avg Max Peripitation , avg min Percipitation,avg Max Temp., avg Min Temp.,Corporate Tax rates,Employee Social Contribution,Employer Social Contribution,INd. Income Tax rates,Curr. Inflat,Max Infl.,Min Infl,VAT
Abkhazia,Partly Free,4,5,41,-,-,-,-,-,-,-,-,-,-,-,-,-,-,-,-,-,-,-,-,-,-,-,-,-,-,-,-,-,-,-
Afghanistan,Not Free,5,6,26,16,0.498,,0,"36,55",-,-,-,-,-,-,168,182,183,184,150,173,1902,273,134,0.13,28.53,-4.55,20,20,50,20,4.9,13.97,-18.39,10
Albania,Partly Free,3,3,68,36,0.785,2.7,20,"29,84",-,-,-,-,53.03,92.71,102,129,86,149,64,55,6965,811,302,0.44,25.84,-2.05,15,9.5,15,23,1.3,42.08,-2.11,20
Algeria,Not Free,6,5,35,35,0.754,1.4,19,"45,75",-,-,-,-,55.06,100.01,84,110,99,114,45,81,2541,311,25.26,0.33,35.83,9.53,26,9,26,35,3.1,11.92,0.58,19
Andorra,Free,1,1,96,-,0.858,,-,"24,63",-,-,-,-,-,-,10,25,17,23,7,4,14356,1474,214,1.49,24.31,-0.92,10,-,-,-,-,-,-,4.5
Angola,Not Free,6,6,26,19,0.581,,10,"34,96",-,-,-,-,-,-,165,178,181,164,165,181,3719,132,310,0,25.17,17.23,30,3,8,17,16.94,241,6.89,10
Antigua and Barbuda,Free,2,2,83,-,0.780,,15,-,-,-,-,-,-,-,48,58,71,43,123,86,2739,1094,662,37.25,29.33,23.16,25,5.5,7.5,0,-,-,-,-
Argentina,Free,2,2,83,40,0.825,5.9,21,"28,3",39.2,40.8,33.8,44.1,69.81,126.94,39,60,49,34,71,75,6268,1061,112,8,23.29,4.8,30,17,26.7,35,55.8,20263,-7,21
Armenia,Partly Free,5,4,45,35,0.755,3.0,20,"28,98",-,-,-,-,-,-,41,63,81,102,56,104,5739,296,149,0.32,25.29,-10.28,20,0,0,36,2.5,22887,-5.52,20
Australia,Free,1,1,98,77,0.939,0.9,10,"16,55",72.6,63.4,73.8,85.7,76.82,139.91,2,17,12,17,39,32,11063,1923,226,5.69,29.86,12.53,30,0,-,45,1.3,23.9,-1.3,10
Austria,Free,1,1,94,76,0.908,0.7,20,"15,33",54.0,68.1,21.5,76.7,79.46,145.78,17,8,10,6,15,9,14100,3287,246,3.12,20.08,-11.08,25,18.12,21.38,55,1.6,10.2,-3,20
Azerbaijan,Not Free,7,6,12,25,0.757,2.1,-,"59,13",-,-,-,-,41.57,72.02,65,99,103,162,60,109,5672,288,139,0.89,26.68,-5.99,20,-,-,-,2.5,25.4,-1.8,18
Bahamas,Free,1,1,91,65,0.807,28.4,12,-,-,-,-,-,-,-,109,67,64,22,137,94,8376,1978,-,-,30.18,18.17,0,3.9,5.9,0,3.6,14.24,-1.42,12
Bahrain,Not Free,7,6,12,36,0.846,,5,"61,31",-,-,-,-,-,-,61,72,58,48,30,42,8595,552,104,0,37.69,12.16,0,-,-,0,0.5,5.22,-2.06,5
Bangladesh,Partly Free,4,4,45,26,0.608,2.5,15,"50,74",-,-,-,-,42.55,72.83,140,125,131,144,103,88,4232,194,1005,0.01,29.79,14.79,25,0,0,30,5.52,16,-0.03,15
Barbados,Free,1,1,96,68,0.800,10.9,17.5,-,-,-,-,-,-,-,53,36,38,36,87,46,6710,1031,620,9.6,29.05,23.71,5.5,11.1,12.75,40,1.1,11.2,-2.6,17.5
Belarus,Not Free,6,6,21,44,0.808,,20,"51,66",-,-,-,-,58.87,104.92,83,46,53,74,116,72,9757,593,155,6.01,22.81,-16.53,18,1,34,13,5.7,2796,4.1,20
Belgium,Free,1,1,95,75,0.916,1.9,21,"12,07",-,-,-,-,78.30,142.96,16,26,13,15,28,21,16276,4021,198,1.67,22.84,-6.08,29,13.07,27.5,50,1.73,223,-18.11,21
Belize,Free,1,2,86,-,0.708,37.6,-,"27,5",-,-,-,-,-,-,94,95,104,88,34,69,2367,430,589,4.43,28.92,19.72,-,-,-,-,0,9.6,-12.7,12.5
Benin,Free,2,2,82,40,0.515,6.2,-,"31,74",-,-,-,-,-,-,157,132,143,171,136,97,1642,165,-,-,31.72,22.77,30,-,-,-,-0.2,15.2,-3.8,18
Bhutan,Partly Free,3,4,55,68,0.612,1.1,-,"29,81",-,-,-,-,-,-,138,158,144,135,73,124,3426,99.26,-,-,19.31,0.98,-,-,-,-,3.9,13.53,0,50
Bolivia,Partly Free,3,3,67,29,0.693,6.3,13,"35,38",-,-,-,-,-,-,133,118,117,101,142,126,2689,259,-,-,24.51,15.88,25,-,-,-,1.73,23464,-1.27,13
Bosnia and Herzegovina,Partly Free,4,4,55,38,0.768,1.3,17,"29,02",-,-,-,-,52.35,93.58,56,79,79,105,70,90,8562,1068,-,-,24.04,-6.53,10,31,10.5,10,0.3,9.9,-1.9,17
Botswana,Free,3,2,72,61,0.717,,12,"25,09",-,-,-,-,-,-,187,146,168,85,188,169,2553,299,-,-,28.86,12.57,22,0,0,25,2.8,15.06,2.5,12
Brazil,Free,2,2,78,35,0.759,29.5,18,"32,79",56.5,72.5,28.5,70.1,55.59,98.85,111,108,125,54,78,125,6819,698,-,-,27.15,21.8,34,11,29,27.5,3.37,6821,1.65,17
Brunei,Not Free,6,5,28,63,0.853,,-,"51,48",-,-,-,-,-,-,59,42,37,32,76,40,-,-,-,-,-,-,18.5,8.5,8.5,0,-0.6,3.59,-1.6,-
Bulgaria,Free,2,2,80,42,0.813,1.1,20,"35,11",-,-,-,-,55.07,97.41,60,53,74,96,92,102,15815,2020,153,1.59,25.06,-6.9,10,13.78,19.02,10,2.8,2020,-2.6,20
Burkina Faso,Partly Free,4,3,60,41,0.423,0.4,-,"24,53",-,-,-,-,-,-,178,137,159,173,162,132,1133,221,311,0,33.67,22.92,28,-,-,-,-2.4,15.1,-3.6,18
Burundi,Not Free,7,6,18,17,0.417,6.0,-,"52,89",-,-,-,-,-,-,179,154,161,186,171,143,3556,82.78,327,0.02,22.86,17.62,30,-,-,-,-4,44.93,-8.4,18
Cambodia,Not Free,6,5,30,20,0.582,,10,"45,9",-,-,-,-,-,-,148,150,166,140,157,174,5430,232,786,0.44,30.43,21.9,20,3.4,3.4,20,2,35.57,-5.69,10
Cameroon,Not Free,6,6,22,25,0.556,,-,"43,32",-,-,-,-,-,-,156,160,163,131,172,164,2292,161,359,0.12,27.72,21.72,33,-,-,-,2.2,5,0.3,19.25
Canada,Free,1,1,99,81,0.926,1.7,5,"15,69",68.0,72.1,56.0,78.2,71.27,130.87,12,18,7,10,35,30,16206,3294,71.16,14.32,14.8,-28.74,26.5,6.72,7.37,33,2,21.6,-17.8,5
Cape Verde,Free,1,1,90,57,0.654,11.5,-,"19,81",-,-,-,-,-,-,118,123,126,150,55,113,5450,209,412,0.39,28.42,20.01,-,-,-,-,1.5,10.2,-4.4,15
Central African Republic,Not Free,7,7,9,26,0.367,19.8,-,"47,27",-,-,-,-,-,-,175,189,190,178,164,189,1445,73.03,310,0.22,29.87,19.97,-,-,-,-,3,51.73,-10.67,19
Chad,Not Free,7,6,18,19,0.404,9.0,-,"36,71",-,-,-,-,-,-,161,175,177,175,161,178,1800,135,204,0.1,33.42,17.47,-,-,-,-,-3.3,41.72,-13.06,18
Chile,Free,1,1,94,67,0.843,3.5,19,"25,65",69.3,59.2,73.3,79.7,65.22,118.35,32,1,33,44,23,33,9259,1098,170,11.95,15.49,3.21,27,18.5,5,35,2.3,746,-3.4,19
China,Not Free,7,6,14,39,0.752,0.6,16,"78,92",46.2,53.4,38.0,46.0,64.18,114.95,81,101,132,139,61,144,7583,636,141,1.54,21.04,-11.73,25,10.5,32,45,2.7,28.4,-2.2,13
Colombia,Partly Free,3,3,65,36,0.747,25.5,19,"42,82",62.6,68.4,50.1,70.9,67.63,121.35,74,44,41,49,51,22,5523,573,564,38.69,27.21,22.92,33,10,21,39,3.43,41.65,-0.87,19
Comoros,Partly Free,3,4,55,27,0.503,7.7,-,"27,91",-,-,-,-,-,-,146,143,137,165,141,118,1148,73.94,649,1.78,28.65,22.51,-,-,-,-,1.7,11.7,-3.4,10
Democratic Republic of the Congo,Not Free,7,6,17,20,0.457,13.5,-,"51,71",-,-,-,-,-,-,174,174,179,188,185,188,-,-,-,-,-,-,35,35,9,40,-,-,-,-
Republic of the Congo,Not Free,7,5,21,19,0.606,9.3,-,"36,04",-,-,-,-,-,-,150,142,155,122,167,166,3463,155,286,12.84,27.11,21.8,-,-,-,30,4.95,511,1.35,18
Costa Rica,Free,1,1,91,56,0.794,11.9,13,"12,24",-,-,-,-,62.58,112.82,40,45,45,50,25,36,4092,696,733,13.06,28.86,22.99,30,10.34,26.33,15,2.42,109,-1.2,13
Crimea,Not Free,7,6,9,-,-,-,-,-,-,-,-,-,-,-,-,-,-,-,-,-,-,-,-,-,-,-,-,-,-,-,-,-,-,-
Croatia,Free,1,2,86,48,0.831,1.0,25,"29,03",-,-,-,-,65.60,120.17,38,33,36,56,57,43,8592,1894,-,-,25.51,-5.81,18,20,16.5,36,0.6,8.43,-1.8,25
Cuba,Not Free,7,6,14,47,0.777,5.0,-,"63,81",-,-,-,-,-,-,33,41,40,118,36,39,2430,81.16,-,-,28.87,19.44,-,-,-,-,5.9,6,0.8,20
Cyprus,Free,1,1,94,59,0.869,1.1,19,"21,74",-,-,-,-,52.06,90.02,25,31,28,39,22,24,7168,759,-,-,29.79,7.03,12.5,8.3,8.3,35,-0.2,18.75,-3.59,19
Czech Republic,Free,1,1,93,59,0.888,0.6,21,"24,89",-,-,-,-,74.47,136.81,35,19,30,40,81,48,17768,3672,-,-,22.09,-11.62,19,11,34,22,2.7,21.9,-0.4,21
Ivory Coast,Partly Free,4,4,51,35,0.492,11.6,-,"29,52",-,-,-,-,-,-,155,181,157,153,133,137,3184,276,374,0.04,29.99,22.79,25,-,-,-,1.2,9.63,-3.84,18
Denmark,Free,1,1,97,88,0.929,1.0,25,"9,87",80.2,77.5,81.8,82.2,79.22,146.06,28,21,20,8,65,34,20708,3196,-,-,0.7,-36.83,22,0,0,55.89,0.6,13,-0.1,25
Djibouti,Not Free,6,5,26,31,0.476,6.5,-,"71,36",-,-,-,-,-,-,166,169,170,163,163,157,2493,313,-,-,35.18,23.02,25,-,-,-,2.9,22.47,-6.35,10
Dominica,Free,1,1,93,57,0.715,,15,-,-,-,-,-,-,-,26,35,42,70,59,35,11904,1106,-,-,28.9,22.94,25,6,6.75,35,-,-,-,15
Dominican Republic,Partly Free,3,3,67,30,0.736,15.2,18,"27,9",-,-,-,-,54.07,94.46,79,97,66,92,42,51,4430,366,-,-,28.58,21.86,27,6,14,25,0.92,82.49,-1.57,18
Ecuador,Partly Free,3,3,60,34,0.752,5.9,12,"31,88",-,-,-,-,70.81,127.26,93,133,107,97,96,111,6337,516,-,-,24.34,19.77,25,9.45,12.15,35,0.61,108,-2.67,12
Egypt,Not Free,6,6,26,35,0.696,,14,"56,47",-,-,-,-,44.76,76.58,115,141,110,115,43,63,3983,389,22.63,0.21,32.59,10.95,22.5,14,26,22.5,9.4,35.1,-4.2,14
El Salvador,Free,2,3,70,35,0.674,82.8,13,"29,81",-,-,-,-,-,-,87,115,122,83,37,115,3387,621,645,0.35,27.99,21.2,30,3,7,30,0.53,12.2,-2.25,13
Equatorial Guinea,Not Free,7,7,7,16,0.591,2.3,-,"58,35",-,-,-,-,-,-,152,151,152,129,174,171,1642,88.6,598,9.54,27.93,21.48,-,-,-,-,1.3,83.9,-17.6,15
Eritrea,Not Free,7,7,3,24,0.440,8.0,-,"80,26",-,-,-,-,-,-,169,167,176,187,148,158,1747,44.31,201,0.02,31.69,21.35,-,-,-,-,9,34.7,-1.38,5
Estonia,Free,1,1,94,73,0.871,3.2,20,"12,27",-,-,-,-,68.49,124.47,69,43,48,60,115,77,11698,2923,154,4.49,22.33,-16.55,20,3.6,33.8,20,2.4,11.44,-2.17,20
Eswatini,Not Free,7,6,16,-,0.588,-,-,-,-,-,-,-,-,-,-,-,-,-,-,-,-,-,-,-,-,-,-,-,-,-,-,-,-,-
Ethiopia,Not Free,7,6,12,34,0.463,7.6,-,"35,11",-,-,-,-,-,-,182,176,186,189,169,180,4014,95.43,420,0.05,26.2,20.08,30,7,11,35,15.4,64.2,-4.1,15
Faroe Islands,-,-,-,-,-,-,-,-,-,-,-,-,-,-,-,-,-,-,-,-,-,12245,876,381,8.72,13.46,-1.17,-,-,-,-,1.2,7.9,-3.1,-
Fiji,Partly Free,3,3,59,-,0.741,,9,"27,18",-,-,-,-,-,-,106,71,78,87,124,96,9530,219,744,37.63,27.9,21.28,20,8,10,20,2.8,10.5,-0.3,9
Finland,Free,1,1,100,85,0.920,1.4,24,"7,9",74.5,75.3,61.0,92.1,75.27,136.95,20,27,22,18,44,31,20587,2733,117,4.25,19.13,-21.2,20,9.79,20.17,53.75,1,19.31,-1.54,24
France,Free,1,2,90,72,0.901,1.4,20,"22,21",60.7,79.5,42.2,56.5,78.34,143.47,3,12,6,4,4,1,10757,3071,180,5.91,23.66,1.6,31,23,45,45,1.2,18.8,-0.7,20
Gabon,Not Free,7,5,23,31,0.702,8.0,-,"35,6",-,-,-,-,-,-,144,136,141,95,143,139,1961,297,445,0.81,27.19,20.78,30,-,-,-,1.9,46.95,-16.92,18
"Gambia, The",Partly Free,4,5,41,37,0.460,9.1,-,"31,35",-,-,-,-,-,-,143,155,153,158,109,146,2321,175,-,-,31.66,21.63,31,-,-,-,7.46,75.64,-10.91,15
Gaza Strip,Not Free,7,6,12,-,-,-,-,-,-,-,-,-,-,-,-,-,-,-,-,-,-,-,-,-,-,-,-,-,-,-,-,-,-,-
Georgia,Partly Free,3,3,64,58,0.780,1.0,18,"28,98",-,-,-,-,51.73,89.18,44,61,76,125,84,114,8774,535,188,7.15,22.97,-8.59,15,-,-,20,4.3,59.31,-3.3,18
Germany,Free,1,1,94,80,0.936,1.2,19,"14,6",66.8,79.9,44.9,76.6,73.58,134.05,22,20,14,3,41,25,15299,3208,136,2.79,22.34,-9.3,30,20.08,19.83,45,1.6,11.54,-7.62,19
Ghana,Free,1,2,83,41,0.592,,18.13,"20,81",-,-,-,-,-,-,149,149,139,166,158,135,3368,252,290,0.01,30.73,22.69,25,5.5,13,30,9.1,63.1,0.4,12
Greece,Free,2,2,85,45,0.870,0.8,24,"29,08",-,-,-,-,55.48,98.13,7,6,23,30,11,14,7862,1525,230,0.3,28.43,1.22,28,16,25.06,45,-0.3,33.7,-2.9,24
Grenada,Free,1,2,88,52,0.772,10.2,15,-,-,-,-,-,-,-,49,82,68,67,49,85,5700,1399,-,-,29.16,24.16,28,4,5,28,-,-,-,15
Guatemala,Partly Free,4,4,56,27,0.650,27.3,12,"35,94",-,-,-,-,-,-,129,106,113,130,99,78,3655,515,-,-,26.67,18.23,25,4.83,12.67,7,4.8,60.71,-11.94,12
Guinea,Partly Free,5,5,41,28,0.459,8.8,-,"33,49",-,-,-,-,-,-,167,166,172,159,160,161,2053,104,-,-,29.76,20.84,-,-,-,-,9.7,42.6,0.5,18
Guinea-Bissau,Partly Free,5,5,41,16,0.455,9.5,-,"30,95",-,-,-,-,-,-,170,177,180,156,156,176,-,-,-,-,30.46,21.64,-,-,-,-,0.7,70.44,-18.23,-
Guyana,Free,2,3,74,37,0.654,18.4,-,"26,63",-,-,-,-,-,-,98,126,116,109,104,128,3241,137,-,-,28.26,23.47,-,-,-,-,2.6,16.04,-1.76,14
Haiti,Partly Free,5,5,41,20,0.498,,-,29,-,-,-,-,-,-,153,152,145,155,139,138,3645,419,-,-,29.43,22.6,-,-,-,-,18,38.4,-4.7,10
Honduras,Partly Free,4,4,46,29,0.617,56.5,15,"48,53",-,-,-,-,-,-,92,119,129,100,48,131,3224,658,-,-,28.31,19.98,25,6.5,10.66,25,4.8,40.2,2.1,15
Hong Kong,Partly Free,5,2,59,76,0.933,0.4,0,"29,65",56.0,39.4,54.9,84.2,66.93,121.40,-,-,-,-,-,-,21943,6091,-,-,29.68,11.62,16.5,0,0,15,3.3,16,-6.1,-
Hungary,Free,3,2,72,46,0.838,2.1,27,"30,44",-,-,-,-,47.62,86.24,62,40,43,59,105,66,14814,2885,158,1.02,24.93,-9.82,9,18.5,21,15,3.4,31,-1.4,27
Iceland,Free,1,1,95,76,0.935,0.3,24,"14,71",-,-,-,-,65.66,119.72,19,24,16,14,27,15,17459,3379,227,5.88,11.89,-10.01,20,0,6.6,46.24,3.1,25.2,-0.06,24
India,Free,2,3,77,41,0.640,3.2,18,"45,67",44.6,38.7,43.8,55.2,68.21,122.67,134,153,121,133,118,112,6492,784,342,1.06,31.33,14.39,30,12,12,35.88,3.18,12.17,1.54,18
Indian Kashmir,Partly Free,4,4,49,-,-,-,-,-,-,-,-,-,-,-,-,-,-,-,-,-,-,-,-,-,-,-,-,-,-,-,-,-,-,-
Indonesia,Partly Free,2,4,64,38,0.694,0.5,10,"36,77",53.1,47.3,49.5,67.4,61.90,110.00,103,156,106,154,90,92,7203,600,383,74.7,27.48,23.73,25,2,5.74,30,3.28,82.4,-1.17,10
Iran,Not Free,6,6,18,28,0.798,,-,"64,41",-,-,-,-,51.86,90.52,96,113,114,94,58,93,4704,462,81.4,0.15,31.65,-0.02,-,-,-,-,50.4,59.02,-3.27,8
Iraq,Not Free,5,6,31,18,0.685,,0,"52,6",-,-,-,-,41.32,70.17,126,130,124,117,75,103,4191,460,82.94,0.01,37.4,3.84,15,5,12,15,-0.8,76.55,-6.37,-
Ireland,Free,1,1,96,73,0.938,0.8,23,15,66.8,79.0,45.9,76.6,51.44,93.38,27,13,25,25,32,19,16961,2269,273,5.71,18.09,0.27,12.5,4,10.95,48,1.1,23.15,-6.56,23
Israel,Free,1,3,79,61,0.903,1.4,17,"30,8",-,-,-,-,72.97,133.45,23,7,24,19,40,28,14389,2458,183,0,30.46,7.17,23,12,7.6,50,0.8,486,-2.74,17
Italy,Free,1,1,89,52,0.880,0.7,22,"24,98",52.8,67.7,20.1,74.5,66.56,120.67,6,14,11,11,3,2,9211,2454,190,10.25,26.12,-1.22,24,9.49,30,43,0.7,25.64,-0.6,22
Jamaica,Free,2,3,77,44,0.732,47.0,16.5,"11,13",-,-,-,-,-,-,36,87,69,89,8,53,6790,1258,1162,1.71,28.82,22.07,25,6.75,12,30,4.2,26.49,1.6,16.5
Japan,Free,1,1,96,73,0.909,0.3,8,"29,36",48.2,54.1,32.4,60.7,80.48,147.00,1,3,1,13,9,10,20172,6542,389,34.53,26.64,-2.26,30.62,15.19,15.49,55.95,0.7,24.9,-2.5,8
Jordan,Partly Free,5,5,37,49,0.735,1.5,16,"43,11",-,-,-,-,65.44,118.34,101,83,84,98,100,83,5750,913,70.36,0,31.79,4.99,20,7.5,14.25,30,0.5,32.91,-8.28,16
Kazakhstan,Not Free,7,5,22,31,0.800,4.8,12,"52,82",-,-,-,-,50.20,88.41,122,52,62,112,135,64,10582,398,55.84,2.87,25.56,-23.6,20,0,3.5,10,5.4,2961,1.9,12
Kenya,Partly Free,4,4,48,27,0.590,4.9,16,"32,44",-,-,-,-,54.98,96.95,162,135,142,152,178,140,14958,209,318,0.99,27.18,21.28,30,0,0,30,5.7,31.5,3.18,16
Kiribati,Free,1,1,93,-,0.612,,-,-,-,-,-,-,-,-,125,121,123,103,144,142,20923,44.88,876,1.96,28.72,24.15,-,-,-,-,-,-,-,-
Kosovo,Partly Free,3,4,52,37,-,1.6,-,"29,68",-,-,-,-,-,-,-,-,-,-,-,-,-,-,-,-,-,-,-,-,-,-,3,14.2,-4.4,16
Kuwait,Partly Free,5,5,36,41,0.803,,0,"33,86",-,-,-,-,54.86,97.86,68,54,46,41,68,45,9026,1026,84.12,0,38.84,8.07,15,10.5,11.5,0,1.1,11.7,-1.15,-
Kyrgyzstan,Partly Free,5,5,37,29,0.672,4.5,-,"29,92",-,-,-,-,-,-,123,122,135,146,134,151,3814,713,120,0.84,19.28,-19.16,10,-,-,-,0.9,32.45,-0.7,12
Laos,Not Free,7,6,12,29,0.601,7.0,-,"64,49",-,-,-,-,-,-,147,147,154,157,155,165,4031,256,524,1.61,28.59,16.2,-,-,-,-,2.54,167,-2.26,10
Latvia,Free,2,2,87,58,0.847,3.4,21,"19,53",-,-,-,-,63.73,114.74,82,56,67,77,121,105,18326,3102,150,4.99,22.28,-15.78,20,11,24.09,31.4,3,17.7,-4.3,21
Lebanon,Partly Free,6,4,43,28,0.757,4.0,11,"32,44",-,-,-,-,64.66,119.83,95,88,93,46,97,91,2271,308,336,0,29.44,4.55,17,3,22.5,20,1.69,11.1,-4.67,11
Lesotho,Partly Free,3,3,64,41,0.520,41.2,-,"29,74",-,-,-,-,-,-,171,164,173,123,186,183,9368,127,-,-,21.52,4.49,-,-,-,-,5.6,35.14,2,-
Liberia,Partly Free,3,3,62,32,0.435,,-,"31,49",-,-,-,-,-,-,181,191,187,181,176,186,4375,212,-,-,28.45,22.36,-,-,-,-,23.3,28.5,-5.69,-
Libya,Not Free,7,6,9,17,0.706,2.5,0,"55,77",-,-,-,-,-,-,107,102,97,84,94,87,-,-,-,-,33.15,9.31,20,-,-,-,-1.6,32.8,-4.8,-
Liechtenstein,Free,2,1,90,-,0.916,-,7.7,"20,49",-,-,-,-,-,-,-,-,-,-,-,-,12459,3223,-,-,18.44,-12.01,12.5,-,-,-,0.6,6.53,-1.4,7.7
Lithuania,Free,1,1,91,59,0.858,5.2,21,"22,06",-,-,-,-,68.79,124.40,63,48,52,71,93,73,15105,1614,-,-,21.79,-15.18,15,19.5,1.77,20,2.5,707,-2,21
Luxembourg,Free,1,1,98,81,0.904,,17,"15,66",-,-,-,-,-,-,18,22,5,5,31,16,11591,2533,-,-,23.14,-7.17,26.01,12.45,15.15,45.78,1.8,4.99,-1.35,17
Macedonia,Partly Free,4,3,58,37,0.757,,18,"31,66",-,-,-,-,57.33,102.21,64,85,89,106,69,89,7775,1236,-,-,24.69,-6.2,10,-,-,10,0.3,9.9,-2.1,18
Madagascar,Partly Free,3,4,56,25,0.519,7.7,-,"27,76",-,-,-,-,-,-,172,168,167,190,173,159,3788,145,-,-,26.67,18.19,20,-,-,-,5.8,30.4,-8.5,20
Malawi,Partly Free,3,3,63,32,0.477,,16.5,"29,36",-,-,-,-,-,-,189,187,182,161,187,185,1910,86.23,369,0,26.17,15.83,30,0,0,30,9,37.9,6.3,16.5
Malaysia,Partly Free,4,4,45,47,0.802,,10,"36,74",58.5,45.2,60.5,77.1,67.80,121.96,89,49,55,93,86,49,8945,827,543,63.62,28.26,23.53,24,11,12,28,1.5,23.9,-2.4,10
Maldives,Partly Free,5,5,35,31,0.717,,-,"32,16",-,-,-,-,-,-,130,134,128,76,147,147,4159,322,480,51.79,29.38,26.24,-,-,-,-,2.2,21.16,-3.44,-
Mali,Partly Free,5,4,44,32,0.427,10.9,-,"35,23",-,-,-,-,-,-,183,180,178,179,170,163,1030,235,174,0,35.37,19.06,-,-,-,-,-1.4,12.8,-10.16,18
Malta,Free,1,1,92,54,0.878,0.9,18,"29,74",-,-,-,-,-,-,21,38,31,37,2,5,12927,1974,281,0,29.08,8.4,35,10,10,35,1.8,5.74,-1.08,18
Marshall Islands,Free,1,1,92,-,0.708,-,-,-,-,-,-,-,-,-,121,120,119,80,140,141,2283,77.08,689,25.93,29.08,26.57,-,-,-,-,-,-,-,-
Mauritania,Not Free,6,5,30,27,0.520,9.9,-,"31,65",-,-,-,-,-,-,158,163,169,141,151,162,1949,308,72.53,0.02,35.16,17.27,-,5,5,40,1.8,15.3,-0.6,16
Mauritius,Free,1,2,89,51,0.790,1.8,15,"28,46",-,-,-,-,-,-,78,77,90,69,113,84,6433,200,825,11.67,27.74,19.24,15,3,6,15,0.6,18.1,-1.4,15
Mayotte,-,-,-,-,-,-,,-,-,-,-,-,-,-,-,-,-,-,-,-,-,3630,59.09,879,0.37,29.06,23.52,-,-,-,-,-,-,-,-
Mexico,Partly Free,3,3,62,28,0.774,19.3,16,"46,78",45.3,37.3,57.1,41.6,69.40,124.30,55,65,51,55,63,61,7538,949,234,3.72,26.93,12.06,30,2.78,51.15,35,3.95,180,2.13,16
Micronesia,Free,1,1,93,-,0.627,4.7,-,-,-,-,-,-,-,-,104,112,111,81,110,123,-,-,705,68.25,28.34,25.82,-,-,-,-,-,-,-,5
Moldova,Partly Free,3,3,61,33,0.700,,-,"31,21",-,-,-,-,-,-,88,64,91,108,106,101,-,-,176,0.73,25.23,-12.78,12,10.5,22.5,12,4.4,16.9,-2.3,20
Monaco,Free,3,1,82,-,..,,-,-,-,-,-,-,-,-,9,30,18,12,12,13,18895,2014,367,0.26,23.04,-5.36,33,8.95,27.27,-,-,-,-,20
Mongolia,Free,1,2,85,37,0.741,5.7,10,"29,51",-,-,-,-,-,-,131,148,136,145,138,145,8571,239,114,0.34,20.72,-27.44,25,11.5,14.5,10,8.1,34.2,-0.2,10
Montenegro,Partly Free,3,3,67,45,0.814,4.5,21,"32,74",-,-,-,-,-,-,-,-,-,-,-,-,6689,1490,309,1.07,24.23,-6.52,9,24,10.3,9,-0.1,26.5,-1.4,21
Morocco,Partly Free,5,5,39,43,0.667,1.2,20,"43,98",-,-,-,-,39.35,65.92,110,111,94,99,17,29,5191,1138,126,0,28.91,7.12,31,6.74,21.09,38,0.2,5.2,-1.6,20
Mozambique,Partly Free,4,4,52,23,0.437,,17,"32,66",-,-,-,-,-,-,180,190,185,160,168,184,2690,236,344,0.78,27.95,18.06,32,3,4,32,2.3,26.35,1.05,17
Myanmar,Partly Free,5,5,31,29,0.578,2.3,-,"44,92",-,-,-,-,-,-,139,162,175,136,129,190,4358,528,749,0.4,27.37,16.4,25,2,3,25,9.57,54.02,-1.09,5
Nagorno-Karabakh,Partly Free,5,5,30,-,-,-,-,-,-,-,-,-,-,-,-,-,-,-,-,-,-,-,-,-,-,-,-,-,-,-,-,-,-,-
Namibia,Free,2,2,77,53,0.647,,15,"18,95",-,-,-,-,-,-,177,173,165,66,189,168,3039,302,190,0.01,26.65,13.02,32,0.9,0.9,37,3.9,20.54,0.94,15
Nauru,Free,2,2,81,-,..,,-,-,-,-,-,-,-,-,136,51,75,42,166,98,-,-,-,-,-,-,-,-,-,-,-,-,-,-
Nepal,Partly Free,3,4,55,31,0.574,2.2,-,"33,4",-,-,-,-,56.27,98.34,142,161,160,170,98,150,3774,433,-,-,23.44,2.68,-,-,-,-,5.3,30.42,-11.54,15
Netherlands,Free,1,1,99,82,0.931,0.6,21,"8,63",80.3,75.9,79.2,88.8,75.63,137.84,13,15,8,9,19,17,17915,4165,-,-,21.96,-5.42,25,27.65,19.8,51.75,2.7,11.19,-1.3,21
New Zealand,Free,1,1,98,87,0.917,,15,"10,75",68.5,65.4,63.4,80.6,73.71,133.68,31,16,26,20,80,41,14709,1999,-,-,17.7,3.34,28,0,-,33,1.7,44,-15.3,15
Nicaragua,Partly Free,5,4,44,25,0.658,7.4,15,"35,53",-,-,-,-,-,-,117,96,101,104,74,71,3118,397,-,-,29.25,22.22,30,7,22.5,30,5.63,23.99,-0.12,15
Niger,Partly Free,4,4,49,34,0.354,,-,"29,26",-,-,-,-,-,-,190,184,188,185,177,170,1079,124,-,-,35,16.25,-,-,-,-,-3.7,15.4,-4.2,19
Nigeria,Partly Free,3,5,50,27,0.532,9.8,5,"36,5",-,-,-,-,53.49,93.48,163,188,184,176,175,187,4129,349,-,-,31.83,22.3,30,8,10,24,11.22,47.56,-2.49,5
North Korea,Not Free,7,7,3,14,..,4.4,-,"83,4",-,-,-,-,-,-,137,145,149,172,153,167,14704,800,460,1.2,23.95,-14.39,-,-,-,-,55,4376,30,15
Northern Cyprus,Free,2,2,81,-,-,-,-,"29,67",-,-,-,-,-,-,-,-,-,-,-,-,-,-,-,-,-,-,-,-,-,-,-,-,-,-
Norway,Free,1,1,100,84,0.953,0.5,25,"7,82",71.5,71.5,58.1,90.2,74.36,135.72,15,4,3,16,18,11,23633,4055,201,18.92,15.31,-15.51,22,8.2,14.1,38.2,1.9,18.9,-1.8,25
Oman,Not Free,6,5,23,52,0.821,,0,"43,42",-,-,-,-,-,-,72,59,59,62,1,8,4927,546,82.67,0.03,35.1,17.56,15,7,11.5,0,0,14.5,-0.55,0
Pakistan,Partly Free,4,5,43,33,0.562,4.4,17,"45,83",-,-,-,-,60.51,107.11,124,183,133,142,85,122,2508,391,171,0.15,31.23,5.95,30,-,-,20,8.89,37.81,-10.32,17
Pakistani Kashmir,Not Free,6,5,28,-,-,-,-,-,-,-,-,-,-,-,-,-,-,-,-,-,-,-,-,-,-,-,-,-,-,-,-,-,-,-
Palau,Free,1,1,92,-,0.798,,-,-,-,-,-,-,-,-,112,66,63,47,125,82,6551,96.94,757,14.33,29.05,25.05,-,-,-,-,-,-,-,-
Panama,Free,2,2,83,37,0.789,9.7,7,"29,78",-,-,-,-,59.86,106.04,47,93,70,53,67,95,5900,611,885,12.51,29.05,24.08,25,9.75,12.25,25,-0.5,10.04,-0.5,7
Papua New Guinea,Partly Free,3,3,63,28,0.544,,10,"24,7",-,-,-,-,-,-,145,157,150,137,146,148,8431,276,508,62.2,25.93,21.78,30,-,-,42,4.5,23.16,-1.61,10
Paraguay,Partly Free,3,3,64,29,0.702,9.3,10,"32,4",-,-,-,-,-,-,71,57,73,91,52,57,2164,181,248,2.68,29.5,14.01,10,-,-,-,2.8,13.4,0.9,10
Peru,Free,2,3,73,35,0.750,7.7,18,"30,22",62.4,68.0,54.2,65.1,56.26,99.05,105,103,115,78,119,129,6232,750,345,15.28,22.72,17.32,29.5,13,9,30,2.29,12377,-1.11,18
Philippines,Partly Free,3,3,62,36,0.699,11.0,12,"43,91",-,-,-,-,66.45,118.60,113,50,54,124,126,60,5451,796,510,18.23,29.16,22.98,30,3.63,7.37,35,2.7,62.8,-2.1,12
Poland,Free,1,2,85,60,0.865,0.7,23,"28,89",54.3,53.8,46.2,66.4,62.52,112.28,45,5,34,58,89,50,12755,1605,159,3.42,22.51,-13.11,19,13.71,21,32,2.6,46.5,-1.6,23
Portugal,Free,1,1,97,64,0.847,0.6,23,"12,63",-,-,-,-,71.64,130.21,29,34,32,28,13,12,13145,2347,345,0.33,25.79,4.25,21,11,23.75,48,0.4,53.9,-1.6,23
Reunion,-,-,-,-,-,-,,-,-,-,-,-,-,-,-,-,-,-,-,-,-,-,-,-,-,-,-,-,-,-,-,-,-,-,-
Qatar,Not Free,6,5,24,62,0.856,,0,"42,51",-,-,-,-,73.17,132.78,66,55,47,27,53,44,13710,808,84.9,0,37.6,13.89,10,0,0,0,-0.4,16.59,-9.96,-
Romania,Free,2,2,84,47,0.811,1.2,19,"25,67",-,-,-,-,54.99,96.69,80,78,72,107,111,99,16991,3458,-,-,24.02,-10.92,16,35,2.25,10,3.8,317,-3.5,19
Russia,Not Free,7,6,20,28,0.816,10.8,20,"50,31",-,-,-,-,57.64,101.70,91,69,100,75,127,130,12288,1910,74.67,10.3,16.89,-30.58,20,0,30,13,4.7,2333,2.2,20
Rwanda,Not Free,6,6,23,56,0.524,2.5,-,"52,43",-,-,-,-,-,-,185,185,171,177,181,172,11299,103,-,-,21.66,16.88,30,-,-,-,0.9,28.1,-15.8,18
Samoa,Free,2,2,80,-,0.713,,15,"18,25",-,-,-,-,-,-,97,81,82,121,131,119,2333,237,-,-,28.22,24.42,27,5,5,27,-,-,-,-
Saint Helena,-,-,-,-,-,-,,-,-,-,-,-,-,-,-,-,-,-,-,-,-,-,-,-,-,-,-,-,-,-,-,-,-,-,-
San Marino,Free,1,1,97,-,..,,-,-,-,-,-,-,-,-,11,9,21,21,5,3,7079,2117,-,-,27.27,-0.27,-,-,-,-,-,-,-,-
Saudi Arabia,Not Free,7,7,7,49,0.853,,5,"65,88",58.9,61.6,53.3,62.6,60.04,107.06,58,70,61,63,10,26,6706,1242,-,-,36.5,12.76,20,-,-,0,-1.4,11.1,-2.2,5
Senegal,Free,2,2,75,45,0.505,7.4,18,"25,81",-,-,-,-,-,-,151,105,118,143,132,59,2017,473,-,-,32.87,21.54,30,11,11,40,2.1,7.2,-4.7,18
Serbia,Free,3,2,73,39,0.787,1.4,20,"31,18",-,-,-,-,52.01,93.82,-,-,-,-,-,-,11086,804,-,-,24.45,-8.43,15,19.9,17.15,10,1.5,14.9,0.1,20
Seychelles,Partly Free,3,3,71,66,0.797,12.7,-,"29,41",-,-,-,-,-,-,108,73,83,52,83,56,3323,116,-,-,29.58,22.61,-,-,-,-,1.87,63.25,-5.54,15
Sierra Leone,Partly Free,3,3,66,30,0.419,1.7,15,"30,36",-,-,-,-,-,-,191,186,191,183,183,191,3361,211,-,-,29.55,21.95,30,5,10,15,17.46,256,-39.84,15
Singapore,Partly Free,4,4,52,85,0.932,0.3,7,"51,41",70.4,64.4,69.5,81.2,71.07,131.96,30,29,27,38,14,6,20346,2170,720,3.07,28.88,24.03,17,20,17,22,0.6,34,-3.1,7
Slovakia,Free,1,1,89,50,0.855,1.0,20,"23,58",-,-,-,-,60.46,109.49,42,39,39,45,88,62,13802,4018,193,0.99,22.16,-11.67,21,13.4,35.2,25,2.6,9.8,-0.9,20
Slovenia,Free,1,1,93,60,0.896,0.5,22,"22,31",-,-,-,-,63.75,117.37,34,23,29,29,62,38,14584,2560,348,1.16,24.03,-7.15,19,22.1,16.1,50,1.79,22.6,-0.9,22
Solomon Islands,Free,3,2,72,44,0.546,,-,-,-,-,-,-,-,-,127,117,108,134,20,80,1597,80.14,812,44,28.28,24.19,30,-,-,-,-,-,-,10
Somalia,Not Free,7,7,7,10,..,4.3,-,"57,24",-,-,-,-,-,-,173,179,189,191,154,179,2434,104,136,0.75,29.6,23.72,-,-,-,-,6.6,216,-15,10
Somaliland,Partly Free,4,5,44,-,-,-,-,-,-,-,-,-,-,-,-,-,-,-,-,-,-,-,-,-,-,-,-,-,-,-,-,-,-,-
South Africa,Free,2,2,78,43,0.699,34.0,15,"22,19",52.7,41.9,46.8,78.2,63.27,113.94,160,128,151,57,182,175,6737,686,146,2.5,24.65,8.53,28,0,0,45,4.5,20.7,0.2,15
South Korea,Free,2,2,84,57,0.903,0.7,10,"24,94",47.3,45.4,48.1,49.3,83.59,153.19,51,37,35,31,107,58,29048,6993,606,2.59,28.07,-6.23,25,8.65,9.65,42,0.7,32.5,0.2,10
South Ossetia,Not Free,7,6,10,-,-,-,-,-,-,-,-,-,-,-,-,-,-,-,-,-,-,-,-,-,-,-,-,-,-,-,-,-,-,-
South Sudan,Not Free,7,7,2,13,0.388,,15,"45,65",-,-,-,-,-,-,-,-,-,-,-,-,-,-,-,-,-,-,-,-,-,-,56.1,836,-14,-
Spain,Free,1,1,94,58,0.891,0.6,21,"21,99",54.4,68.7,27.8,68.6,78.42,144.35,5,11,19,24,6,7,15487,2354,171,2.13,26.03,1.72,25,6.35,29.9,45,0.4,28.43,-1.37,21
Sri Lanka,Partly Free,3,4,55,38,0.770,2.5,15,"39,61",-,-,-,-,72.98,131.86,76,80,80,138,66,76,8527,375,688,1.2,29.74,23.16,28,8,12,24,3.8,28.3,-0.9,15
St. Kitts and Nevis,Free,1,1,89,-,0.778,,17,-,-,-,-,-,-,-,86,91,98,51,122,100,-,-,622,23,27.28,21.78,33,5,6,0,-,-,-,-
St. Lucia,Free,1,1,91,55,0.747,,12.5,-,-,-,-,-,-,-,54,86,87,86,54,68,-,-,738,5.18,28.54,22.68,30,5,5,30,-,-,-,15
St. Vincent and Grenadines,Free,1,1,90,58,0.723,36.5,16,-,-,-,-,-,-,-,43,89,92,90,38,74,-,-,439,2.11,29.46,24.03,30,4.5,5.5,30,-,-,-,-
Sudan,Not Free,7,7,8,16,0.502,,17,"72,45",-,-,-,-,-,-,154,159,148,169,149,134,4579,327,164,0.25,32.12,13.75,35,8,17,15,47.8,182,-1,17
Suriname,Free,2,2,78,43,0.720,,-,"16,38",-,-,-,-,-,-,77,94,105,72,77,110,2752,167,670,16.12,28.59,23.4,36,6,9,38,4.6,586,-11.68,10
Swaziland,-,-,-,-,38,-,,15,"49,09",-,-,-,-,-,-,164,140,164,116,184,177,1626,82.01,389,0.08,24.82,11.41,27.5,0,0,33,1.7,31.1,-5.27,15
Sweden,Free,1,1,100,85,0.933,1.1,25,"8,31",72.5,67.6,72.6,80.2,69.41,127.31,4,28,4,7,21,23,22847,4527,135,7.8,17.93,-16.61,21.4,7,31.42,57.19,1.8,15.5,-1.6,25
Switzerland,Free,1,1,96,85,0.944,0.5,7.7,"10,52",67.6,58.0,67.5,83.2,73.23,137.77,8,10,2,2,26,20,21683,4380,315,9.71,21.09,-8.81,18,6,6,40,0.6,11.92,-1.4,7.7
Syria,Not Free,7,7,-1,13,0.536,,0,"71,78",-,-,-,-,-,-,114,107,112,119,91,108,3042,307,135,0,32.65,1.76,28,7,17.1,22,1.1,121,-31.05,-
Sao Tome and Principe,Free,2,2,82,46,0.589,,-,-,-,-,-,-,-,-,132,139,138,167,117,133,2687,33.02,-,-,28.43,22.64,-,-,-,-,9,86.8,3.5,-
Taiwan,Free,1,1,93,63,-,0.8,5,"24,98",-,-,-,-,86.89,160.01,-,-,-,-,-,-,16869,2729,-,-,28.85,12.68,20,18.23,3.61,40,0.86,61.47,-3.09,5
Tajikistan,Not Free,7,6,11,25,0.650,,-,"54,02",-,-,-,-,-,-,120,124,127,126,145,154,4925,124,164,0.1,19.36,-16.47,-,-,-,-,8.7,60.6,1.6,18
Tanzania,Partly Free,4,4,52,36,0.538,7.0,18,"36,28",-,-,-,-,-,-,176,172,158,174,180,156,-,-,-,-,25.04,19.17,30,10,10,30,3.7,19.8,3,18
Thailand,Not Free,6,5,31,36,0.755,3.2,7,"44,1",-,-,-,-,78.44,142.94,99,74,57,64,102,47,15999,780,-,-,30.44,20.1,20,5,5,35,0.87,24.56,-4.38,7
Tibet,Not Free,7,7,1,-,-,-,-,-,-,-,-,-,-,-,-,-,-,-,-,-,-,-,-,-,-,-,-,-,-,-,-,-,-,-
Timor-Leste,Free,2,3,69,35,0.625,3.9,-,"29,93",-,-,-,-,-,-,-,-,-,-,-,-,-,-,-,-,-,-,-,-,-,-,0.9,18,-2.5,-
Togo,Partly Free,4,4,47,30,0.503,9.0,-,"29,69",-,-,-,-,-,-,159,170,156,180,159,152,1483,158,-,-,30.98,22.66,-,-,-,-,1.3,15.83,-26.77,18
Tonga,Free,2,2,75,-,0.726,,-,"25,41",-,-,-,-,-,-,75,84,85,73,114,116,4986,67.57,-,-,27.39,19.3,-,-,-,-,-,-,-,15
Transnistria,Not Free,6,6,24,-,-,-,-,-,-,-,-,-,-,-,-,-,-,-,-,-,-,-,-,-,-,-,-,-,-,-,-,-,-,-
Trinidad and Tobago,Free,2,2,81,41,0.784,30.9,12.5,"24,74",-,-,-,-,-,-,57,75,56,65,79,67,9590,540,378,3.94,28.41,23.41,25,3.9,7.8,25,1.2,24.52,-2.61,-
Tunisia,Free,2,3,70,43,0.735,,18,"29,61",-,-,-,-,57.39,100.99,90,114,77,79,46,52,4476,1070,128,0,33.81,6.32,25,9.18,16.57,35,6.8,16.7,-1.9,19
Turkey,Not Free,5,6,32,41,0.791,,18,"52,81",-,-,-,-,69.90,125.71,73,109,96,82,33,70,7560,1009,139,2.07,26.27,-4.52,22,15,22.5,35,15.72,139,-4.01,18
Turkmenistan,Not Free,7,7,4,20,0.706,,-,"85,44",-,-,-,-,-,-,128,131,130,128,152,153,3625,111,65.11,0,32.14,-8.44,20,-,-,,9.4,83.7,0.1,15
Tuvalu,Free,1,1,94,-,..,,-,-,-,-,-,-,-,-,119,116,120,151,128,136,-,-,-,-,-,-,-,-,-,-,-,-,-,-
Uganda,Partly Free,6,4,37,26,0.516,,18,"39,42",-,-,-,-,-,-,186,138,162,168,179,149,2516,104,283,7.35,26.5,21.03,30,5,10,30,3.4,24.5,-5.36,18
Ukraine,Partly Free,3,3,62,32,0.751,,20,"32,46",-,-,-,-,51.13,89.19,70,47,60,111,101,79,12941,1281,119,4.64,24.3,-14.72,18,0,0,18,9,530,-1.2,20
United Arab Emirates,Not Free,7,6,17,70,0.863,0.9,5,"43,63",-,-,-,-,66.13,122.44,50,62,44,35,16,27,10685,809,95.78,0,37.75,15.74,55,0,0,0,-1.1,12.3,-2.5,5
United Kingdom,Free,1,1,94,80,0.922,1.2,20,"22,23",62.5,57.8,53.4,82.9,74.88,137.41,14,2,9,26,24,18,16921,3086,233,11.23,17.29,-1.47,19,2,13.8,45,2,8.5,-0.1,20
United States,Free,2,1,86,71,0.924,5.4,0,"25,69",58.8,59.1,57.4,60.2,69.23,127.29,24,32,15,1,72,37,18748,3609,88.15,20.59,23.01,-7.58,27,7.65,7.65,37,1.6,23.7,-15.8,0
Uruguay,Free,1,1,98,70,0.804,7.7,22,"16,06",-,-,-,-,66.15,119.37,37,68,50,33,50,65,9506,402,359,7.7,25.83,8.2,25,23.1,12.63,36,7.36,183,-7.12,22
Uzbekistan,Not Free,7,7,7,23,0.710,,-,"53,52",-,-,-,-,-,-,100,144,109,120,112,117,6039,152,76.29,0.01,30.38,-12.32,7.5,-,-,,14.3,14.4,2.4,20
Vanuatu,Free,2,2,81,46,0.603,2.1,15,-,-,-,-,-,-,-,135,127,134,132,120,127,4797,118,682,27.63,26.33,20.48,0,-,-,,2.1,6.1,-2.5,15
Venezuela,Not Free,6,5,26,18,0.761,56.3,12,"49,1",-,-,-,-,40.17,69.79,52,76,65,68,29,54,1938,647,433,9.06,27.81,22.78,34,4,11,34,282972.8,344510,3.22,12
Vietnam,Not Free,7,5,20,33,0.694,,10,"74,93",-,-,-,-,55.24,95.88,116,104,140,147,130,160,9504,703,437,5.84,28.56,16.56,20,10.5,21.5,35,2.16,28.24,-2.6,10
"Palestine, State of",Not Free,7,5,28,-,0.686,0.7,-,"44,68",-,-,-,-,-,-,-,-,-,-,-,-,5826,321,323,0,29.54,8.2,15,-,-,-,1.39,15.08,-2.11,-
Western Sahara,Not Free,7,7,4,-,-,-,-,-,-,-,-,-,-,-,-,-,-,-,-,-,-,-,-,-,-,-,-,-,-,-,-,-,-,-
Yemen,Not Free,7,6,13,14,0.452,,5,"61,66",-,-,-,-,-,-,141,165,146,182,82,120,1268,155,107,0.08,32.74,18.47,20,6,9,15,9.49,24.77,0.71,5
Zambia,Partly Free,4,4,55,35,0.588,5.3,16,"36,38",-,-,-,-,-,-,188,171,174,148,190,182,2325,117,319,0,26.28,15.52,35,5,5,37.5,8.8,22.9,6,16
Zimbabwe,Not Free,6,5,30,22,0.535,,,"42,23",-,-,-,-,-,-,184,98,147,110,191,155,4688,98.62,-,-,26.6,14.08,25,3.5,3,45,175.66,176,-7.5,15
Anguilla,-,-,-,-,-,-,,-,-,-,-,-,-,-,-,-,-,-,-,-,-,-,-,-,-,-,-,0,5,5,0,-,-,-,-
Aruba,-,-,-,-,-,-,,2,-,-,-,-,-,-,-,-,-,-,-,-,-,10426,871,400,0.27,30.79,24.12,25,5,11,52,4.8,12.66,-4.68,1.5
British Virgin Islands,-,-,-,-,-,-,,-,-,-,-,-,-,-,-,-,-,-,-,-,-,-,-,823,9.03,29.33,22.95,-,-,-,-,-,-,-,-
Cayman Islands,-,-,-,-,-,-,,0,-,-,-,-,-,-,-,-,-,-,-,-,-,7581,1345,414,1.6,30.19,21.17,0,0,0,0,1.7,11.4,-3.6,-
Curaçao,-,-,-,-,-,-,,6,-,-,-,-,-,-,-,-,-,-,-,-,-,-,-,-,-,-,-,22,7,10,46.5,-,-,-,-
Guadeloupe,-,-,-,-,-,-,,-,-,-,-,-,-,-,-,-,-,-,-,-,-,-,-,-,-,-,-,-,-,-,-,-,-,-,-
Martinique,-,-,-,-,-,-,,-,-,-,-,-,-,-,-,-,-,-,-,-,-,-,-,-,-,-,-,-,-,-,-,-,-,-,-
Montserrat,-,-,-,-,-,-,,-,-,-,-,-,-,-,-,-,-,-,-,-,-,-,-,-,-,-,-,-,-,-,-,-,-,-,-
Puerto Rico,-,-,-,-,-,-,18.5,11.5,-,-,-,-,-,55.51,101.25,-,-,-,-,-,-,12367,1008,610,5.81,28.5,21.93,-,8,8,33,0.5,8.8,-1.4,-
Turks and Caicos Islands,-,-,-,-,-,-,,-,-,-,-,-,-,-,-,-,-,-,-,-,-,-,-,-,-,-,-,0,-,-,,-,-,-,-
United States Virgin Islands,-,-,-,-,-,-,,-,-,-,-,-,-,-,-,-,-,-,-,-,-,-,-,-,-,-,-,-,-,-,-,-,-,-,-
Bermuda,-,-,-,-,-,-,13.0,0,-,-,-,-,-,-,-,-,-,-,-,-,-,6685,1132,-,-,-,-,0,0,0,0,1,2.6,0.6,-
Greenland,-,-,-,-,-,-,5.3,-,-,-,-,-,-,-,-,-,-,-,-,-,-,5120,377,79.88,17.36,0.34,-37.66,-,-,-,-,-,-,-,-
St. Martin (French part),-,-,-,-,-,-,-,-,-,-,-,-,-,-,-,-,-,-,-,-,-,-,-,-,-,-,-,-,-,-,-,-,-,-,-
Sint Maarten (Dutch part),-,-,-,-,-,-,-,5,-,-,-,-,-,-,-,-,-,-,-,-,-,-,-,-,-,-,-,35,7,8,48,-,-,-,-
Saint Pierre and Miquelon,-,-,-,-,-,-,,-,-,-,-,-,-,-,-,-,-,-,-,-,-,-,-,-,-,-,-,-,-,-,-,-,-,-,-
French Guiana,-,-,-,-,-,-,,-,-,-,-,-,-,-,-,-,-,-,-,-,-,-,-,-,-,-,-,-,-,-,-,-,-,-,-
"China, Macao Special Administrative Region",-,-,-,-,-,-,0.2,0,-,-,-,-,-,-,-,-,-,-,-,-,-,-,-,-,-,29.77,10.76,12,0,0,12,2.62,9.49,-3.65,-
Channel Islands,-,-,-,-,-,-,,-,-,-,-,-,-,-,-,-,-,-,-,-,-,-,-,-,-,-,-,0,6.6,6.6,20,-,-,-,-
Isle of Man,-,-,-,-,-,-,1.2,20,-,-,-,-,-,-,-,-,-,-,-,-,-,12714,1827,-,-,17.82,-0.14,0,11,12.8,20,-,-,-,-
Gibraltar,-,-,-,-,-,-,,0,-,-,-,-,-,-,-,-,-,-,-,-,-,-,-,-,-,-,-,10,10,20,25,-,-,-,-
Holy See,-,-,-,-,-,-,,-,-,-,-,-,-,-,-,-,-,-,-,-,-,-,-,-,-,-,-,-,-,-,-,-,-,-,-
New Caledonia,-,-,-,-,-,-,,-,-,-,-,-,-,-,-,-,-,-,-,-,-,5570,158,-,-,27.62,18.69,-,-,-,-,0.9,3.87,-0.5,-
Guam,-,-,-,-,-,-,,-,-,-,-,-,-,-,-,-,-,-,-,-,-,9406,956,-,-,28.86,24.76,-,-,-,-,-,-,-,2
Canary Islands,-,-,-,-,-,-,-,6.5,-,-,-,-,-,-,-,-,-,-,-,-,-,-,-,-,-,-,-,-,-,-,-,-,-,-,-
American Samoa,-,-,-,-,-,-,5.4,-,-,-,-,-,-,-,-,-,-,-,-,-,-,1890,297,870,12.28,28.54,24.71,-,-,-,-,-,-,-,-
Cook Islands,-,-,-,-,-,-,,-,-,-,-,-,-,-,-,67,92,88,61,95,107,-,-,-,-,-,-,-,-,-,-,-,-,-,-
French Polynesia,-,-,-,-,-,-,,-,-,-,-,-,-,-,-,-,-,-,-,-,-,3228,304,652,17.09,28.62,22.68,-,-,-,-,-,-,-,-
Niue,-,-,-,-,-,-,,-,-,-,-,-,-,-,-,85,100,102,127,108,121,-,-,-,-,-,-,-,-,-,-,-,-,-,-
Northern Mariana Islands,-,-,-,-,-,-,-,-,-,-,-,-,-,-,-,-,-,-,-,-,-,4479,466,1982,101,28.86,24.76,-,-,-,-,-,-,-,-
"Bonaire, Saint Eustatius and Saba",-,-,-,-,-,-,-,-,-,-,-,-,-,-,-,-,-,-,-,-,-,-,-,-,-,-,-,25,-,-,-,-,-,-,-
Netherlands Antilles,-,-,-,-,-,-,-,-,-,-,-,-,-,-,-,-,-,-,-,-,-,-,-,-,-,-,-,-,25,16,35,-,-,-,-
